number,step,energy,sg_number,wp_number,time
1,75,-1.1365268,14,73746.67923191177,4.5955259799957275
2,77,-1.4960092,91,38254.47597121401,7.021967172622681
3,84,-0.5739186,82,20472.937740077403,9.906946659088135
4,93,-0.35611016,129,128228.94546281736,10.512106895446777
5,124,-0.8305427,34,75004.98711082363,11.669456243515015
6,128,-0.97650737,127,70969.94292250118,11.838732719421387
7,188,-1.0482044,57,83094.03858239965,13.888706684112549
8,206,-1.6223835,91,82479.42164599507,14.87314248085022
9,210,-1.19832,91,109362.98869935828,15.282516956329346
10,211,-1.5199149,91,111520.23157450788,15.433374166488647
11,212,-1.1580782,91,108719.87549657334,15.576836585998535
12,225,-0.4796254,105,96635.69409542897,16.725970029830933
13,230,-0.44834465,134,126174.54456827608,17.160226821899414
14,234,-0.9071399,5,115234.61799391349,17.661797046661377
15,246,-1.0862303,182,106923.81064707738,18.928468942642212
16,249,-1.955945,121,109416.75014527411,19.332295656204224
17,251,-1.0469028,121,63420.0253833037,19.63560938835144
18,254,-0.57850146,138,119851.25696397066,19.974674224853516
19,258,-1.1260573,126,109744.03020476573,20.359149932861328
20,259,-2.1213863,216,100435.89247855093,20.70822763442993
21,263,-0.4267384,76,99058.8018069816,21.19390034675598
22,268,-0.17970368,87,94903.23061422267,21.666956663131714
23,270,-1.1123604,97,107147.02179332414,21.90668296813965
24,286,-1.3635687,202,88977.18508733119,23.314568281173706
25,297,-1.022689,128,64895.67317040785,24.29458999633789
26,305,-0.78131175,213,127918.84912626569,25.110607147216797
27,312,-1.744643,141,77439.22645278109,25.724908113479614
28,314,-1.320292,141,72802.20659929031,25.957744359970093
29,331,-1.2303475,200,104833.14644639041,27.547518730163574
30,335,-1.4454128,141,75888.41589286418,28.03184747695923
31,342,-1.175839,201,121382.68936005881,29.051469326019287
32,360,-1.1129277,121,72606.58875308916,31.08082103729248
33,361,-1.0855957,133,124314.63505809841,31.28484058380127
34,366,-1.5214257,195,94332.30356170537,31.89324164390564
35,386,-1.5687853,212,85359.44382902244,34.20512652397156
36,388,-0.41134843,40,55662.44348855054,34.455862045288086
37,396,-1.2841457,212,50092.62447216743,35.384968996047974
38,402,-1.6867244,98,95386.92318691846,36.175456047058105
39,405,-1.4954273,98,87065.48181148246,36.57329702377319
40,406,-1.2356462,198,80575.38270810209,36.750869274139404
41,409,-1.9468385,140,95936.38295758197,37.10525846481323
42,411,-0.95511097,140,109063.97578793298,37.439141511917114
43,412,-0.9718008,140,97005.75039792706,37.64279055595398
44,415,-1.2357743,56,103986.49991652557,37.99654674530029
45,421,-0.95903164,98,92263.1952928782,38.82025384902954
46,423,-0.5596544,129,105203.24133090582,39.0938458442688
47,425,-1.2738043,61,119786.26217983475,39.338348150253296
48,432,-1.3059314,221,103622.48889738254,40.21201157569885
49,433,-1.0747647,139,100550.74215932761,40.42559266090393
50,434,-1.4693787,82,116374.98318147105,40.63891100883484
51,442,-0.52079946,111,109925.2169588073,41.66166615486145
52,444,-0.11650715,135,96062.99206154801,41.99545955657959
53,446,-0.42337382,134,113423.28149821114,42.33562254905701
54,449,-0.8457724,5,82140.07978887553,42.740453004837036
55,454,-1.3008764,182,79482.39057765089,43.36612153053284
56,456,-1.9519542,126,107143.62426137018,43.68193221092224
57,459,-1.8035274,87,137189.0422055375,44.367730379104614
58,463,-1.4464525,87,126621.86890800428,44.92928075790405
59,464,-0.39692098,97,123630.12545636101,45.13619327545166
60,469,-0.8623475,192,131698.3144336658,45.769712924957275
61,473,-1.8454562,87,145431.8979151877,46.26553678512573
62,474,-1.3625381,209,145765.18936205472,46.439242124557495
63,475,-1.7203106,87,142396.0720116318,46.653655767440796
64,476,-1.9308419,87,131568.65463606053,46.861412048339844
65,479,-0.6770632,120,127931.56550147723,47.4515700340271
66,480,-1.1852663,216,120191.00593592167,47.67721438407898
67,481,-0.69367677,74,145886.94134533167,47.89485263824463
68,483,-0.58978,131,145678.15158977345,48.23767614364624
69,485,-0.20201147,67,121799.58325487598,48.55354952812195
70,486,-1.5605729,87,130641.39141265466,48.77617835998535
71,487,-1.3145938,140,115105.78943191096,49.014485597610474
72,494,-0.70450115,4,145823.4762927846,49.817174673080444
73,505,-1.0853636,52,112576.87628065198,51.22848320007324
74,512,-1.3825579,51,139199.23775933386,52.21347761154175
75,515,-0.4777484,39,125378.79586554304,52.605785608291626
76,529,-1.0660318,81,131597.25762880512,54.36730980873108
77,537,-0.72654843,162,127958.36006423642,55.32736110687256
78,538,-1.2891157,208,119690.59086624428,55.552491664886475
79,545,-0.76374024,126,98323.08762375783,56.60965013504028
80,546,-1.114295,71,136048.74241969152,56.8271861076355
81,554,-1.1147723,66,141651.88352006147,57.94632601737976
82,558,-1.0258346,57,135169.16179766867,58.47455358505249
83,569,-2.1224294,224,140848.87323825067,60.221983671188354
84,576,-1.0928416,113,91388.39164395811,61.225199937820435
85,577,-1.2593942,201,102984.86339899282,61.40043234825134
86,583,-1.1089877,127,138453.62338595727,62.29297184944153
87,586,-1.2554637,90,145706.41373644795,62.7716281414032
88,588,-1.3835533,224,126162.12732167858,63.165154457092285
89,591,-0.7736629,14,132882.47889763594,63.584139347076416
90,594,-1.9046916,216,143467.8445040562,64.00123929977417
91,600,-0.88740826,13,97264.94897800412,64.80091786384583
92,602,-1.0792676,15,110853.08179321353,65.34581208229065
93,604,-1.8189077,224,126686.28296012241,65.63704442977905
94,608,-1.4292625,215,101519.94186773713,66.2513997554779
95,612,-1.1430353,216,133484.83687761912,66.87335515022278
96,614,-0.9285088,133,145684.50106498456,67.19638729095459
97,615,-1.0148529,95,109193.07369585118,67.40765523910522
98,618,-1.280783,196,113707.67183372981,67.88974046707153
99,624,-1.3494649,82,118087.6621732784,69.02212500572205
100,625,-1.5613382,130,121255.84420489336,69.22795915603638
101,631,-0.88395244,72,93981.97924798548,70.07342624664307
102,642,-0.5427621,11,137855.27503923624,71.48898267745972
103,643,-1.0400312,88,135756.2857251357,71.96731948852539
104,645,-1.1817983,55,119164.38107481106,72.32867050170898
105,658,-0.9219305,61,133613.36484639312,74.20957326889038
106,659,-1.8820807,135,114991.60984796847,74.41229796409607
107,662,-0.9540796,58,145658.86777967142,74.89759707450867
108,667,-0.8427423,12,131833.82480556285,75.8421323299408
109,669,-1.209074,216,94661.3682463733,76.21479153633118
110,676,-0.880603,121,126433.28156263281,77.26909923553467
111,684,-0.9133814,79,106256.7627780928,78.70865845680237
112,687,-1.1854767,193,95370.03561659457,79.28578400611877
113,701,-1.0516561,5,97169.17287988408,81.40461564064026
114,707,-0.2408613,120,90667.27453385989,82.53091669082642
115,714,-1.4807926,74,132986.64532284724,83.55407857894897
116,721,-1.0794467,8,84981.38732300288,84.61365246772766
117,730,-0.8757685,31,131571.5708723511,86.26987051963806
118,731,-0.9361337,163,136617.6529077192,86.59192276000977
119,737,-1.2318714,207,127149.09354946743,87.47641038894653
120,739,-0.8487987,157,111274.91788726854,87.81308054924011
121,754,-1.6307437,126,101945.73817152313,90.21148157119751
122,756,-1.6370589,131,106412.80557240457,90.64562225341797
123,769,-0.96099067,21,32973.539351955966,92.80120325088501
124,772,-0.76062936,194,119596.72539057775,93.34309029579163
125,778,-0.7815818,213,145709.4036785909,94.26120495796204
126,786,-0.9805008,117,114589.38496937804,95.77644205093384
127,787,-1.7956165,135,114586.27010806705,96.09714531898499
128,788,-1.9841717,121,110551.72345216315,96.36562037467957
129,793,-1.062299,80,102075.39936095376,97.33781838417053
130,803,-1.157611,121,92340.76571132544,99.02622747421265
131,805,-0.69536847,121,111646.33415591133,99.67361879348755
132,815,-1.4681613,176,132596.5880271729,101.25723671913147
133,819,-1.6976424,216,110338.78646393848,102.01088786125183
134,824,-1.2791208,224,145828.8349666811,103.21219801902771
135,825,-0.12934646,63,95202.16590720313,103.4915885925293
136,836,-0.7745495,89,128581.97867584566,105.27513384819031
137,837,-1.951897,15,141427.97900948673,105.54997777938843
138,838,-1.1092882,215,118503.28558326833,105.82643508911133
139,852,-1.6013241,88,124045.42847736744,108.38498163223267
140,856,-0.624992,133,102247.68646306059,109.07874989509583
141,870,-0.72922003,130,100023.85389081063,111.814124584198
142,872,-1.2494503,225,118160.13137541324,112.32977294921875
143,898,-1.3693327,56,139330.84998291274,117.328768491745
144,902,-1.2371256,84,122996.13497259078,118.17667484283447
145,904,-0.9696512,140,95001.25366310403,118.94861054420471
146,913,-1.0324088,12,104705.25744857834,120.65163373947144
147,923,-0.7791736,85,115878.7714481769,122.4269528388977
148,926,-1.8371075,134,128912.20227042845,123.24809098243713
149,934,-1.2496289,193,110604.75271797882,124.7733883857727
150,939,-0.91445243,114,124915.71236101634,125.71764874458313
151,959,-1.3035226,104,106846.58681241682,129.89299654960632
152,960,-0.8284116,4,113171.60498703338,130.24220061302185
153,963,-0.742258,98,120399.34859347859,130.985178232193
154,964,-1.1862271,120,8833.667733194081,131.60397291183472
155,969,-1.4114869,182,104529.94176871955,132.80923509597778
156,971,-1.3331783,126,80853.7008982667,133.35593676567078
157,989,-0.6711616,106,102295.44696849133,137.34579491615295
158,995,-1.683217,122,127644.19361653728,138.76234579086304
159,996,-0.071067825,107,90040.57194068389,139.14518976211548
160,1010,-1.1979496,138,67516.65945573403,142.19024753570557
161,1019,-1.6499194,200,126608.80393567527,143.94998359680176
162,1026,-1.9038974,216,145458.94662944836,145.74579405784607
163,1027,-1.8731151,208,144983.6672403872,146.14979004859924
164,1028,-1.280269,140,144183.6370792708,146.57285714149475
165,1030,-1.5817116,216,141163.8657551627,147.2811598777771
166,1042,-0.9544044,117,136699.95838422608,149.89876198768616
167,1044,-1.9714106,21,138519.37784026255,150.44461154937744
168,1048,0.068392135,57,138401.9116484306,151.45787405967712
169,1049,-0.19443417,121,131031.86331462114,151.7931878566742
170,1056,-1.4170649,224,127189.98614556718,153.47720885276794
171,1057,-1.194485,16,143686.89499579428,153.89098048210144
172,1076,-1.3037243,2,143662.84743646244,158.07504630088806
173,1082,-1.1119257,215,145755.41018848,159.75010919570923
174,1084,-1.7573138,126,133582.32171679358,160.35335397720337
175,1086,-0.9631616,54,124750.02582538399,160.93709063529968
176,1089,-1.5099612,88,93753.92026933965,161.88523387908936
177,1092,-1.0619798,86,104121.02553304266,162.73122596740723
178,1093,-0.963412,13,110424.46142492452,163.12529754638672
179,1095,-1.0404251,11,140723.41499834042,163.73304200172424
180,1097,-0.24823105,133,98325.68339035653,164.37297201156616
181,1099,-1.3210958,3,108033.22359647551,165.21688032150269
182,1104,-1.0638214,190,132899.38445490343,166.4667899608612
183,1105,-1.8164653,225,95979.16841098685,166.90910267829895
184,1108,-0.58247584,127,105697.2566586645,167.69360613822937
185,1113,-1.3768543,205,128417.40411411478,168.9897711277008
186,1114,-1.7261711,72,112646.6600097436,169.41968607902527
187,1124,-1.1351333,140,131548.74916787984,172.2533438205719
188,1135,-2.1229932,221,113574.20208075366,174.74964451789856
189,1143,-1.2265989,221,98831.03675288866,176.85428309440613
190,1146,-1.3745393,221,113160.95596406145,177.75794911384583
191,1153,-0.7336743,92,93887.1781388452,179.54917788505554
192,1156,-2.0159156,224,103439.14104306548,180.3256425857544
193,1162,-1.3764722,221,104619.75613223328,182.10968828201294
194,1164,-1.789928,85,120730.42610895024,182.78907251358032
195,1168,-1.7567439,224,122662.58667517148,184.0047059059143
196,1190,-0.900891,141,101070.31236970403,189.3187596797943
197,1197,-1.6985339,209,120230.86465760297,191.10542750358582
198,1212,-1.0530295,163,118747.48709245682,194.93313932418823
199,1213,-1.1623033,78,104120.98280454389,195.30223846435547
200,1219,-0.7916776,138,115354.42530559606,197.12823247909546
201,1224,-1.4170163,121,111355.20222263064,198.55309081077576
202,1231,-0.3361396,132,116569.07599739968,200.3572371006012
203,1244,-0.921262,100,104072.82354429623,203.5891673564911
204,1248,-0.93762803,98,121091.66876342303,204.62587213516235
205,1252,-1.0893921,124,74564.87659981224,205.6452615261078
206,1255,-0.6196874,162,97763.57974892217,206.38194751739502
207,1265,-0.11842963,50,103293.87021338246,209.42908215522766
208,1272,-0.12574676,15,133585.64892813924,211.18982982635498
209,1278,-0.8216049,213,100490.008526678,212.79450488090515
210,1298,-1.0658363,221,95863.22366044493,217.90208530426025
211,1299,-2.0815165,140,100104.67869906299,218.72609162330627
212,1300,-0.7507493,54,100888.57749427183,219.26209044456482
213,1302,-1.8558446,224,102650.16244464993,219.91479206085205
214,1304,-1.3089266,53,91998.63784286482,220.66633772850037
215,1311,-1.2472396,63,86305.8770088828,222.4341197013855
216,1314,-1.1164937,37,109372.55149151762,223.33701252937317
217,1320,-1.0445411,57,107811.97054248581,225.2016246318817
218,1322,-1.407143,140,103946.63553342261,225.96933698654175
219,1327,-1.4178202,82,105966.2383660861,227.5690462589264
220,1328,-1.1646625,215,99791.21465985774,228.00853037834167
221,1331,-1.312385,133,113845.11087515845,228.90908408164978
222,1333,-1.7854389,121,105797.9331782624,229.56250286102295
223,1335,-2.1178045,205,97263.91717219073,230.26582431793213
224,1336,-1.3102987,49,85399.88671270527,230.69771480560303
225,1341,-1.6491276,88,98071.0584518668,232.33796501159668
226,1342,-0.97017705,48,95338.28883400947,232.86111688613892
227,1349,-1.1714046,126,99202.3776603291,234.91303610801697
228,1350,-1.1565018,11,93840.63076040446,235.41794228553772
229,1352,-1.7132059,45,102282.26338809743,236.10747623443604
230,1355,-2.1160402,205,79733.56025965378,237.13702845573425
231,1358,-1.241843,205,69598.59915498417,238.2450234889984
232,1362,-1.4415843,130,66344.88372784253,239.81777262687683
233,1369,-1.2385253,205,70479.2798147232,241.87382888793945
234,1372,-1.9336184,196,87423.47794777181,242.8457794189453
235,1375,-1.3992554,121,72667.1564970825,243.75305819511414
236,1380,-0.3390563,188,82271.37919422716,245.76876854896545
237,1384,-1.2923502,135,86835.53805834083,247.06107020378113
238,1387,-0.94874424,29,90515.14127867162,248.109139919281
239,1393,-0.8259181,65,94405.28878095199,249.94664597511292
240,1395,-1.6943958,224,79592.57767658247,250.60917687416077
241,1397,-1.2052423,205,91801.74571291651,251.3410713672638
242,1398,-1.707576,140,93211.47900690153,251.9573051929474
243,1404,-0.2529004,139,96721.95640135229,254.1492896080017
244,1408,-1.3768083,193,90530.276883909,255.4089653491974
245,1415,-1.3812187,216,102441.35329319871,257.5099971294403
246,1416,-1.8646809,209,88879.86765141276,258.07391715049744
247,1417,-1.1670337,20,83480.73041995132,258.90193343162537
248,1418,-1.2028978,221,96852.75762313243,259.4536395072937
249,1419,-0.61235195,192,99789.19968312622,260.05726051330566
250,1421,-1.9465897,120,61685.59268595597,260.8420011997223
251,1425,-1.2216272,212,85745.22423834038,262.0978653430939
252,1428,-1.0784831,24,100510.26182794286,263.1618766784668
253,1440,-1.9571792,69,103255.41399671261,266.86895966529846
254,1441,-1.0333027,141,79793.16413136836,267.3252377510071
255,1442,-2.0171728,22,91573.43780590442,268.1011571884155
256,1446,-0.8911517,30,74001.04921055923,269.6732861995697
257,1447,-2.0500894,22,76445.70625843112,270.1500289440155
258,1449,-2.0124092,22,76134.74588821821,271.0171117782593
259,1454,-0.23819059,134,67873.78543612317,272.9530944824219
260,1455,-1.381763,22,71639.4953089711,273.47706866264343
261,1457,-1.1913329,22,72338.48176860111,274.3611423969269
262,1461,-1.7458963,22,74380.66798021147,275.74260663986206
263,1462,-1.3091632,22,79598.78138070888,276.25899624824524
264,1463,-1.8115959,22,70633.5705294574,276.8056607246399
265,1467,-1.4099697,22,79822.9949635115,277.94236850738525
266,1471,-0.7029061,22,64034.315740304766,279.35710072517395
267,1476,-1.1782229,67,81424.62434099849,281.5534312725067
268,1477,-1.0417516,22,75083.37398158516,282.2412567138672
269,1479,-1.9492778,22,65455.92463700697,283.06128787994385
270,1481,-1.2041582,52,78755.93298332936,283.9296963214874
271,1482,-1.7342718,22,58175.90978816197,284.4708526134491
272,1488,-0.99845064,22,76406.24916948503,286.60975909233093
273,1494,-0.95177484,22,68328.44790299643,289.01730513572693
274,1497,-0.97514176,8,80381.61810188473,290.0251441001892
275,1504,-1.0596529,74,66440.2794685565,292.3894000053406
276,1511,-1.7406632,68,82892.2328091178,295.0027630329132
277,1519,-1.4809139,216,90004.43522584942,297.72926783561707
278,1524,-0.86604893,64,90114.49247191449,299.3491463661194
279,1530,-0.9259594,51,82824.16800147798,301.73017501831055
280,1535,-1.151814,19,90201.93284695542,303.35320496559143
281,1537,-1.503392,213,70782.71816201042,304.16197395324707
282,1542,-1.0843917,46,92443.2731505864,305.98596262931824
283,1545,-0.22967142,194,78023.91043462529,307.37803411483765
284,1546,-1.3395338,162,90988.3701354937,308.13367319107056
285,1553,-1.9265517,22,87272.05990600315,310.88109278678894
286,1555,-1.156522,23,89554.1622505072,311.9060928821564
287,1557,-0.7681047,54,94451.4741136221,312.740754365921
288,1562,-0.6920515,38,52813.784321274776,314.69774985313416
289,1570,-1.150508,66,94327.71582920894,318.0258300304413
290,1572,-1.4475924,196,94895.20578462147,319.12696146965027
291,1573,-1.1797844,60,81546.15260815878,319.74613761901855
292,1577,-1.741898,86,83545.56804119195,321.41725516319275
293,1578,-0.8708334,14,73528.4281421499,322.0931112766266
294,1601,-0.983276,3,89339.63486160694,330.47715401649475
295,1602,-1.0857961,130,97895.2588380091,331.1850371360779
296,1605,-1.5239058,45,99377.61166098205,332.32513976097107
297,1608,-1.0097895,215,96123.05838955895,333.8050789833069
298,1609,-1.4652255,190,94071.25808591348,334.330002784729
299,1613,-0.39122784,93,90482.09148693614,335.98907375335693
300,1615,-0.95394486,195,85707.02576942543,336.94423270225525
301,1616,-1.051511,41,73103.04318098829,337.4300112724304
302,1617,-1.3887256,118,97465.97375810386,337.9089775085449
303,1620,-1.2252944,221,102504.08563480948,339.6297688484192
304,1621,-1.1211715,225,92456.29537576342,340.2099230289459
305,1623,-1.6117543,205,95629.00039710417,341.1649844646454
306,1626,-1.2084606,56,83026.76279812666,343.15383195877075
307,1628,-1.0458256,55,66741.66153701342,344.36916613578796
308,1629,-1.7662215,20,76878.01007103993,345.0658369064331
309,1633,-1.118008,13,95202.2257931272,346.6107814311981
310,1634,-0.79403496,72,73659.56096944823,347.4219138622284
311,1636,-1.1825593,135,103752.81902310369,348.4444797039032
312,1637,-1.8377235,224,82775.51943932266,349.02938985824585
313,1639,-1.0355576,133,79763.83307931284,350.06975054740906
314,1650,-1.6002111,140,106786.16436674865,354.6611170768738
315,1651,-1.0548289,129,101218.41639771499,355.4178466796875
316,1657,-1.6358624,216,89999.8328376381,357.90503096580505
317,1658,-1.3302679,37,86753.82540606888,358.59288716316223
318,1664,-1.0834471,22,92872.79032581144,361.2387635707855
319,1666,-1.6681541,85,101318.88133890816,362.2731456756592
320,1672,-1.0621849,192,97390.60847244094,364.8293573856354
321,1674,-1.8741816,141,92427.62254057928,365.7732722759247
322,1675,-0.04459361,24,100756.27541709713,366.3380060195923
323,1679,-0.6063415,193,70765.24964459063,368.3305480480194
324,1682,-0.19186682,120,99118.0559531243,370.11796045303345
325,1684,-1.0725651,98,80898.10195143693,371.1301963329315
326,1691,-0.9187496,76,104396.90284002299,373.6971619129181
327,1692,-0.9838973,104,98684.7659986132,374.357950925827
328,1696,-0.572556,97,107241.83166329241,376.30917382240295
329,1701,-1.5738426,62,90349.2290362695,378.29381251335144
330,1704,-1.0621245,131,96122.29488573177,380.3138334751129
331,1706,-1.6465102,205,78299.13635540972,381.51781487464905
332,1710,-1.0113313,132,101411.05515883405,383.48679423332214
333,1711,-2.052307,69,80925.96349482755,384.1778049468994
334,1715,-1.7376877,69,78433.55276630567,386.1248507499695
335,1716,-0.91768646,52,75971.70161991268,386.88520550727844
336,1717,-1.3024896,209,71910.41955419528,387.65712547302246
337,1720,-1.196738,22,83611.78626066793,389.2063648700714
338,1724,-1.0906713,224,85452.45043467094,392.17003774642944
339,1725,-1.4533322,67,71744.96070205589,392.88979983329773
340,1726,-1.2499015,163,77341.17593699324,393.4234437942505
341,1729,-0.62128454,69,75369.99531327897,394.9381139278412
342,1732,-1.257099,69,68064.73231031265,396.38199734687805
343,1733,-0.80878675,19,88160.23094113836,396.9138996601105
344,1743,-1.0301775,64,61301.1238837742,401.43141198158264
345,1745,-0.7347365,122,79362.3658725455,402.8898720741272
346,1746,-1.0599515,207,86023.95528740034,403.5610601902008
347,1751,-1.3018477,46,87630.22548567945,405.7651917934418
348,1762,-2.1087677,208,82259.22686172406,410.3911213874817
349,1766,-0.3826782,175,91351.40997416856,412.4050760269165
350,1771,-1.1765938,221,90575.39026915793,414.91400384902954
351,1772,-1.2315022,200,83496.63415877178,415.51728415489197
352,1775,-1.996133,63,93740.3255119792,416.8425118923187
353,1782,-1.0553683,208,90239.32222058515,420.2210388183594
354,1783,-1.1990012,213,97717.01191826125,420.9389820098877
355,1785,-1.7724941,208,78682.74625033786,422.11772298812866
356,1789,-1.8567061,205,81442.34395506456,424.1578891277313
357,1794,-1.0102116,208,94355.44257721143,426.5937080383301
358,1795,-2.0041325,224,87659.33728998643,427.5171263217926
359,1811,-1.5489198,91,89027.97351416547,434.6371524333954
360,1817,-1.0386761,215,86209.77733734644,437.3250222206116
361,1834,-1.0174598,13,87899.02725311226,445.54602336883545
362,1837,-1.9294955,201,96840.87321905786,446.91325330734253
363,1839,-2.1215057,225,6719.838130038421,448.4778687953949
364,1842,-0.9004736,174,37893.972326680996,450.19774746894836
365,1846,-1.8929714,225,45421.629569377146,452.59178590774536
366,1848,-1.2474562,225,3818.3280185581984,454.0083727836609
367,1854,-2.0968962,205,70769.20835171365,457.2649738788605
368,1857,-1.1173064,225,4477.423535822173,459.1340084075928
369,1862,-1.3903272,205,31633.682937910708,461.7058572769165
370,1865,-1.8381088,205,13493.955258342641,463.47713589668274
371,1866,-1.6852632,130,54949.39390086206,464.2191653251648
372,1868,-1.4069058,196,8939.75071797739,465.69044971466064
373,1873,-2.1002975,205,321.2848506979626,468.1731045246124
374,1874,-1.9080205,88,7115.433167841006,468.918160200119
375,1876,-1.0936354,56,11018.116923088222,470.6219184398651
376,1880,-1.1988455,216,1558.0730418502792,472.9291248321533
377,1881,-2.0649092,205,16730.050042511128,473.84876465797424
378,1884,-2.0802531,205,20322.40216418414,475.77039980888367
379,1886,-1.7343621,205,12195.277941847806,477.0892479419708
380,1888,-1.38994,205,13630.918580367845,478.46590399742126
381,1891,-2.1216102,205,7109.202583993762,480.35794472694397
382,1893,-2.0748315,205,4945.6491919276705,481.733193397522
383,1899,-2.0044448,205,7351.845099042921,485.3410816192627
384,1901,-1.0910543,84,23400.495321907936,486.44131541252136
385,1904,-0.6080797,135,7247.154021229313,488.2916600704193
386,1905,-1.7416692,205,10741.94431217062,488.89623522758484
387,1914,-0.46209404,85,4319.027339054621,493.62929940223694
388,1918,-1.1253437,24,20726.95895277078,495.62466645240784
389,1920,-1.9083849,134,49655.93838478561,496.866060256958
390,1928,-1.0713482,120,3314.7206147792017,500.5862522125244
391,1938,-2.116045,205,18160.998694005044,506.4891953468323
392,1939,-1.8733693,205,14123.577284781175,507.7330322265625
393,1940,-1.2847033,212,5355.918757969073,508.61303782463074
394,1941,-1.8711442,205,8051.637082035985,509.73397874832153
395,1942,-2.0710504,205,3369.079164654982,510.706015586853
396,1944,-1.5828787,205,17615.697417741485,511.7703182697296
397,1945,-0.9109324,105,6478.666112735484,512.4709141254425
398,1955,-0.9057338,76,632.3499218876768,518.2730729579926
399,1956,-1.9663936,225,12549.016372132532,519.1851334571838
400,1957,-1.963548,209,9181.682568969978,520.345630645752
401,1964,-0.84963775,5,24185.76039748826,524.0697004795074
402,1966,-1.7494979,141,2522.3151200438124,525.3730742931366
403,1970,-1.3814349,205,114.63810365353265,527.8255662918091
404,1972,-0.67915213,138,6448.957341078856,529.1980285644531
405,1980,-0.9374845,4,8143.49171816689,534.4403808116913
406,2001,-2.0381532,207,30903.626901039082,546.7048211097717
407,2002,-1.7949685,205,10228.915260967322,547.7019019126892
408,2007,-0.92097443,213,21171.739892987614,550.15949010849
409,2009,-1.9392846,140,3970.1176469349884,551.2650294303894
410,2014,-1.8460317,128,11319.957829874733,554.1065196990967
411,2015,-1.7492646,122,35453.28595567522,555.243626832962
412,2016,-1.8397465,221,7287.350803610865,555.8622672557831
413,2018,-0.8686588,51,26.987631469495454,557.1017308235168
414,2020,-1.9171065,216,17688.517082101345,558.7566735744476
415,2021,-2.0318735,208,43682.50288325048,559.945417881012
416,2026,-0.973437,191,5984.107038159978,562.7867653369904
417,2039,-0.91197175,162,3681.730055699778,570.4208636283875
418,2050,-1.2265729,205,31750.091866165043,576.4175541400909
419,2072,-0.9597738,86,48368.895486908434,589.9942996501923
420,2078,-1.0889579,3,14959.455660367767,594.2496237754822
421,2079,-1.7470479,225,19576.460640744146,595.12966132164
422,2087,-1.2807046,201,419.06663970820887,600.1517691612244
423,2089,-1.9296786,205,197.1899999966575,601.6743228435516
424,2108,-0.99407685,49,2642.908943833425,612.8300576210022
425,2110,-0.39838663,177,30280.719411182305,614.8933985233307
426,2113,-1.3753794,88,20188.576600226526,616.9337337017059
427,2117,-1.5231526,40,57488.44731676152,619.3512563705444
428,2126,-1.6458335,208,16173.049005998837,625.6811430454254
429,2134,-0.49812016,56,111274.06954665639,631.7487707138062
430,2140,0.35822558,147,727.998072093792,635.7731285095215
431,2146,-1.1819761,140,109137.76756501285,640.0653970241547
432,2156,-1.1904339,84,107354.14411263555,647.8514730930328
433,2157,-0.6352514,133,495.6589244239776,648.9226288795471
434,2158,-1.3639914,205,10396.089135482445,650.1886053085327
435,2166,-1.7798854,120,64693.940281371375,656.8930087089539
436,2167,-1.0309851,212,48743.3081482415,657.997875213623
437,2178,-1.6947877,205,90.96068507759446,665.8187773227692
438,2182,-0.70217454,26,113516.5988365219,668.8899183273315
439,2184,-1.2875273,100,111956.4382154091,671.020396232605
440,2198,-0.8942453,78,29362.75572929018,680.7734715938568
441,2200,-1.2593106,209,109977.50386500498,682.5811624526978
442,2207,-1.5142452,141,99559.2062595179,689.0937881469727
443,2212,-1.0328984,138,41236.29671853874,693.0611066818237
444,2216,-1.2237546,83,116426.12818982391,696.2343096733093
445,2217,-1.4460738,98,113001.52157802282,697.4610686302185
446,2218,-0.75553674,76,100837.22955432907,698.718353509903
447,2224,-1.1805736,132,97163.34017356309,703.4782395362854
448,2227,-1.9560078,202,105128.839410243,706.002183675766
449,2228,-1.0863628,74,94358.49225057304,707.0900409221649
450,2235,-0.8477618,122,118721.76555752766,712.2751026153564
451,2237,-1.3203704,131,95912.38033425575,714.0425426959991
452,2241,-1.9894142,68,73338.72452166425,717.4730780124664
453,2242,-1.0735523,124,85608.24693072608,718.5958437919617
454,2245,-1.0844355,52,32591.817806760788,722.1475143432617
455,2256,0.11943326,50,92991.37160948345,730.6553544998169
456,2257,-0.15661955,39,56305.68027863806,731.6875863075256
457,2258,-0.69979775,140,23607.871405809117,732.8781206607819
458,2260,-0.84045845,213,97944.15231571936,735.118043422699
459,2271,-0.91521955,46,11766.988342097731,744.3612415790558
460,2276,-1.089412,63,112944.22968826044,748.3571231365204
461,2279,-0.42192164,107,259.0136654522397,751.0539412498474
462,2280,-1.3994316,66,102445.95841181446,752.257200717926
463,2281,-1.1239173,200,6042.635465565086,753.3703129291534
464,2290,-1.3695387,113,27910.39667639706,761.4931993484497
465,2291,-0.8284557,117,43868.50345297699,762.6167395114899
466,2292,-1.0351337,9,132.75965523009486,763.6452167034149
467,2294,-0.93306005,32,77067.38517768758,765.4944682121277
468,2295,-1.3809685,205,108342.71690555924,766.6077606678009
469,2302,-1.098209,53,117109.67236048172,772.1010963916779
470,2307,-2.0704503,205,23194.131666643792,777.0051267147064
471,2308,-1.8653771,205,27284.73550660959,778.2296874523163
472,2310,-2.0876427,205,22589.002087739063,780.3704323768616
473,2311,-1.2995687,205,12450.391459130873,781.41002202034
474,2314,-1.9386477,205,20405.127549009918,784.2907929420471
475,2316,-1.8821354,205,34607.39772557417,786.4533698558807
476,2318,-0.74961793,176,19720.292840715178,788.5934383869171
477,2326,-1.1323286,205,16426.08728087683,795.7128348350525
478,2328,-1.7581776,205,29560.48978460409,797.7658219337463
479,2330,-2.1152468,201,24962.237170185457,799.5611798763275
480,2332,-2.0259655,201,31864.660652622722,801.5761520862579
481,2334,-1.3896325,201,33058.15562120046,803.8901221752167
482,2335,-0.85309726,86,23813.69823492842,804.9503762722015
483,2336,-2.0821762,201,30521.542405714048,806.0613524913788
484,2340,-1.7182913,201,27713.05770158433,810.3773069381714
485,2341,-1.1218262,201,24760.24454413358,811.6889178752899
486,2343,-1.5511398,88,20638.966899210198,813.7722496986389
487,2344,-2.1188555,201,32765.698461469998,815.1339647769928
488,2347,-1.9166842,201,24069.525386503716,818.0499982833862
489,2348,-2.0202856,201,40045.887117360115,819.1811196804047
490,2350,-1.3998576,201,18556.690942309808,821.2972838878632
491,2353,-2.1173441,201,36980.0364435393,824.1434237957001
492,2357,-1.6719586,95,38476.093679322636,828.0803747177124
493,2360,-1.5598207,201,33719.20785632226,832.0862550735474
494,2363,-1.8576633,201,39527.63390675327,835.0451214313507
495,2365,-1.3784026,201,29656.1953882442,837.1971306800842
496,2368,-1.892715,91,26573.034013508004,840.44127202034
497,2376,-1.1381379,196,35395.63630411512,848.1252088546753
498,2380,-2.0551908,201,43364.288342539236,851.7173719406128
499,2384,-1.5367459,221,38068.12936015833,855.4380145072937
500,2385,-1.363618,201,31890.196558894124,856.5180077552795
501,2386,-1.3722447,109,23424.37046484809,857.8053426742554
502,2391,-1.7690616,201,33127.09640141171,862.3525524139404
503,2392,-0.58588994,133,26833.107320983974,863.4448909759521
504,2393,-1.0255439,147,19034.636836375525,865.487996339798
505,2394,-1.2239732,201,36510.159891759395,866.710188627243
506,2399,-0.62748855,195,36076.67557014364,871.1673333644867
507,2405,-0.8211401,177,22510.351892346825,876.790890455246
508,2415,-0.99786323,79,30639.446341120172,885.861841917038
509,2426,-2.1209888,201,33772.15987806184,894.9891057014465
510,2428,-1.1927835,201,26925.26517060947,897.9502172470093
511,2436,-1.5541271,201,38582.457793289046,905.1741073131561
512,2444,-1.9356545,201,39337.43203279402,913.1140124797821
513,2445,-1.8912734,97,31145.707990308663,914.6571636199951
514,2453,-0.77866215,105,24825.922004008673,922.2917852401733
515,2460,-0.023030842,85,44781.03295432452,928.8026773929596
516,2461,-1.2116551,212,25188.26525763316,930.081949710846
517,2468,-1.4666909,104,36674.248848027855,937.5371382236481
518,2477,-1.1189708,120,35103.59659620603,945.6532423496246
519,2482,-1.1844115,216,31732.69050120142,951.1929874420166
520,2485,-1.6116638,209,24035.5884266196,954.2052462100983
521,2508,-1.3824488,128,20619.88426497534,975.2716283798218
522,2516,-1.0553486,208,23811.21178404418,983.328914642334
523,2519,-0.6796613,175,15430.897160859138,986.481947183609
524,2523,-1.7434883,126,18389.303947288205,991.1465907096863
525,2529,-1.0040141,173,28468.63487995979,997.0620157718658
526,2544,-1.048138,201,41676.595662883745,1011.605979681015
527,2546,-1.5605048,200,35865.96183306132,1013.8550367355347
528,2554,-0.8843569,194,36974.83397544705,1020.6165788173676
529,2560,-1.9352555,225,13952.331495339466,1027.289187669754
530,2571,-1.5196614,91,27420.369441449853,1037.6375632286072
531,2574,-1.1048225,143,20385.88272823416,1040.8419103622437
532,2583,-1.6063213,118,13413.753815748581,1050.238447189331
533,2602,-0.3226713,133,14500.545047459053,1068.2308449745178
534,2606,-1.2362634,95,43827.109111533195,1071.853920698166
535,2618,-1.5150231,216,21557.48374903905,1083.9372808933258
536,2620,-0.81655794,130,33310.34477503001,1086.5985124111176
537,2627,-0.7621824,135,15339.530816889644,1093.3691928386688
538,2635,-1.1377128,136,46165.87388881059,1101.7213597297668
539,2645,-1.879685,201,17888.690846591377,1111.4332566261292
540,2664,-2.0255094,201,40403.43597368423,1129.5412867069244
541,2671,-0.18512782,192,11987.582143342424,1136.5235605239868
542,2692,-1.4929199,104,43948.89940754602,1157.3731055259705
543,2698,-0.86573184,114,12883.587222870301,1164.8770852088928
544,2705,-0.7384165,15,7902.58893662812,1171.8646669387817
545,2711,-1.168224,77,6803.449355636414,1177.6592605113983
546,2715,-0.24362576,83,7869.377639139707,1182.3556942939758
547,2719,-0.40007982,132,9864.980517311647,1186.6610522270203
548,2724,-1.8569648,216,368.44733331429234,1191.9199857711792
549,2726,-2.0741117,209,6896.252983073078,1193.749950170517
550,2730,-1.8799838,208,9442.028592263925,1197.6738486289978
551,2732,-1.123936,202,5633.242306721604,1200.6006796360016
552,2739,-0.6738353,175,3263.655805254899,1207.4044346809387
553,2741,-2.122798,207,360.0415940661269,1209.6533098220825
554,2743,-1.8023926,221,248.0067257444316,1212.0582585334778
555,2748,-1.0772165,122,11504.504874201739,1217.2492108345032
556,2749,-1.112963,207,58.490185911559195,1219.5971109867096
557,2757,-1.7814492,207,44.04883702692433,1227.5107836723328
558,2758,-0.9453853,128,33300.64881951955,1228.803852558136
559,2767,-1.6582963,213,30952.746119568135,1237.374361038208
560,2770,-1.1790357,200,82820.62487477368,1240.6419470310211
561,2781,-2.0381253,207,25251.23463608137,1251.138594865799
562,2784,-2.1230361,207,2796.536014225061,1254.2873315811157
563,2787,-1.887281,201,3854.625962846507,1258.1060302257538
564,2788,-2.0965555,224,10336.671651778386,1259.449252128601
565,2790,-1.7383313,207,203.85756456169656,1261.8311274051666
566,2799,-1.80701,207,1868.19881599162,1271.0327644348145
567,2800,-2.0736136,207,6296.364947200009,1272.6698231697083
568,2815,-0.9100064,99,13024.799154959193,1288.7178626060486
569,2819,-1.3647966,207,64.04877522236075,1293.077923297882
570,2825,-1.3773617,207,11169.860283942031,1299.5854041576385
571,2834,-1.1052176,207,5544.686922860583,1308.4541144371033
572,2838,-1.8790439,207,73.32300380132983,1312.5931568145752
573,2858,-1.0016567,88,34008.12276473401,1334.3730685710907
574,2860,-0.42148113,133,17452.09231838935,1336.8826649188995
575,2862,-1.3084087,95,20899.162725589234,1339.3302867412567
576,2864,-1.1973897,221,29556.024763302892,1341.7219140529633
577,2865,-1.4123813,196,47334.60375931426,1343.4091365337372
578,2866,-2.0989468,216,7184.462461404939,1344.873160123825
579,2867,0.09077643,177,23983.465757244667,1346.2057602405548
580,2880,-1.1767235,116,54347.482313695546,1360.078629732132
581,2884,-1.7750858,207,15558.949124035673,1364.9032363891602
582,2889,-0.9603943,135,8374.707538772269,1370.17839884758
583,2922,-1.7866933,201,8874.338388271288,1405.4659886360168
584,2926,-1.0010935,78,124642.35763685453,1410.2132267951965
585,2937,-1.8373876,141,15326.585425396643,1422.6454021930695
586,2938,-0.89085203,212,12222.34191946608,1424.2501077651978
587,2940,-1.9817233,209,128774.36833863141,1426.9745576381683
588,2946,-1.0695262,83,44537.4999608984,1433.770664691925
589,2953,-1.107951,120,11579.545259793562,1441.7732203006744
590,2957,-1.1717988,221,37001.37967285742,1445.9749174118042
591,2962,-1.2245139,201,17039.608956464825,1451.3176836967468
592,2969,-1.785569,207,5851.6357413287415,1459.5731480121613
593,3002,-1.3273528,225,115358.64134524696,1494.6654739379883
594,3004,-0.6522995,80,22354.13860322446,1497.1271679401398
595,3006,-0.78372246,213,48493.737459991054,1499.8293845653534
596,3008,-2.122839,201,43002.75603434775,1502.3492212295532
597,3013,-0.77101034,137,44200.04063982239,1507.4496040344238
598,3018,-0.16488275,162,57761.171457349315,1513.1762628555298
599,3027,-1.1195437,224,44242.575602821846,1522.793327331543
600,3030,-1.2144314,128,45337.679739421525,1526.6140971183777
601,3032,-0.83394605,9,46744.45716523151,1529.1012699604034
602,3051,-0.8722796,86,38489.03155763534,1549.7342600822449
603,3060,-1.2525122,186,50685.32192588392,1560.581273317337
604,3061,-1.8098439,201,48869.776757773296,1561.9321174621582
605,3065,-1.3309578,113,41702.216446300554,1566.3769578933716
606,3066,-1.0763564,221,65334.98528419426,1567.8106000423431
607,3067,-0.46483994,14,55323.446507847126,1569.4897637367249
608,3069,-1.1428533,2,42127.49092901525,1571.7613430023193
609,3072,-0.8617892,89,40231.85553986927,1574.7822229862213
610,3077,-1.3059351,207,46194.347665464375,1580.9413514137268
611,3078,-1.6108445,201,56278.97504643694,1582.5452778339386
612,3086,-1.3469939,185,36054.847632525394,1591.226862668991
613,3088,-1.3727205,108,53449.59454785104,1593.4517261981964
614,3091,-1.221852,133,126285.28592197335,1597.5781564712524
615,3092,0.3451659,147,37886.92801957705,1598.9423606395721
616,3099,-1.8482093,196,7021.991623297124,1606.3915300369263
617,3106,-1.9969724,130,132195.75128336085,1614.3120312690735
618,3115,-1.0289848,88,56541.94303527956,1625.0051064491272
619,3118,-1.5856878,201,9448.75579548807,1628.6219568252563
620,3129,-1.1142339,195,118649.41311363521,1641.12238073349
621,3138,-2.0985231,201,30544.627359548696,1651.0060951709747
622,3139,-2.118672,201,30973.717587045874,1652.4410948753357
623,3140,-2.038546,224,34290.22936234333,1653.91761636734
624,3141,-1.0914322,135,35261.86674741615,1655.4109270572662
625,3143,-1.9897449,201,35878.84409656467,1658.7573599815369
626,3144,-1.5813501,207,35860.55026131529,1660.3620464801788
627,3150,-1.5931236,201,30277.81837998171,1667.3534734249115
628,3151,-2.1201081,201,37676.66557183767,1668.7482404708862
629,3153,-2.091983,201,39791.45614630651,1671.126579284668
630,3154,-1.4091637,201,41157.323636569876,1672.3390412330627
631,3155,-1.8639617,201,40077.778189327306,1673.6312289237976
632,3158,-1.2675456,201,42320.85701815892,1677.5777821540833
633,3159,-1.8891188,201,33698.74966506655,1679.185962677002
634,3160,-1.7914301,201,39421.73572544109,1681.2812857627869
635,3161,-2.0001454,201,36649.34226579385,1683.1172242164612
636,3162,-1.2712703,201,41712.41769855792,1684.5742955207825
637,3164,-2.002258,201,32584.691873891294,1686.9869103431702
638,3165,-2.0076587,201,39627.129032064564,1688.3293325901031
639,3166,-1.3783627,201,36349.11870900423,1689.5979566574097
640,3172,-1.1287628,149,39187.66461114538,1696.4621331691742
641,3177,-0.90355307,212,41500.65637175631,1703.0934867858887
642,3179,-0.8475821,125,34915.04918058712,1705.7460677623749
643,3180,-1.2892041,79,39972.44888809076,1707.2784006595612
644,3193,-0.7757155,97,35760.50104265541,1721.4099128246307
645,3210,-2.1114116,201,34157.57921388558,1741.145273923874
646,3214,-2.0458214,221,34578.240875680945,1746.115131855011
647,3216,-1.7122626,165,39414.06521497727,1749.0451934337616
648,3218,-0.88830304,8,36845.920474301536,1751.4212093353271
649,3220,-1.3045301,201,43298.13254639188,1754.4022686481476
650,3223,-1.2121537,216,36160.439839115024,1757.7221081256866
651,3229,-0.96096826,81,36577.92664107717,1764.5539875030518
652,3230,-0.0289205,175,47677.25377398514,1766.945546388626
653,3232,-1.8243895,209,32692.34316764399,1769.533056974411
654,3233,-1.9518429,202,42313.417588872384,1771.1950211524963
655,3243,-0.8045202,101,26862.842584515605,1781.7637441158295
656,3251,-2.1200423,200,30236.222919291613,1791.549306154251
657,3253,-1.7401888,200,35815.0568458938,1793.8651587963104
658,3255,-2.1192281,201,42074.72891526647,1796.3739986419678
659,3264,-1.2416614,225,40570.31461504378,1806.4338467121124
660,3266,-1.1775415,200,52616.04259374722,1809.117300271988
661,3269,-1.2941327,200,42910.37197942864,1813.1401319503784
662,3279,-1.2697163,213,49218.4508350987,1824.3450622558594
663,3282,-1.3900931,224,40846.13437709597,1828.5212178230286
664,3288,-1.1224979,201,52930.0541446413,1835.8910901546478
665,3291,-1.582058,200,35140.23201608548,1839.5107510089874
666,3296,-1.2945085,200,43025.24164131561,1845.1051664352417
667,3297,-1.4178928,201,31179.36847381412,1846.79718375206
668,3308,-1.2710315,200,40013.644799550224,1861.3229944705963
669,3310,-1.1867833,196,35676.37654972155,1863.9906914234161
670,3318,-0.24145865,7,36146.551112459696,1874.386346578598
671,3325,-1.2890573,108,38954.597816559435,1882.258704662323
672,3330,-1.4105097,221,26239.406500481276,1888.190583229065
673,3338,-1.0777624,13,53364.28791498378,1898.102267742157
674,3342,-0.1766268,113,129082.71254285166,1903.2501847743988
675,3347,-0.9368469,215,39674.885746543165,1910.0532457828522
676,3356,-1.4217814,195,28420.76550333285,1921.9432258605957
677,3372,-1.0994345,133,24859.286672464557,1940.611969947815
678,3377,-1.2350276,207,38389.14847653458,1946.905417919159
679,3383,-1.059456,200,25597.16720577898,1954.0345585346222
680,3393,-1.3783664,201,34754.32236457814,1966.1308841705322
681,3402,-1.2566125,188,145598.70779701642,1976.253235578537
682,3406,-1.8395982,225,54109.95949260886,1982.0270845890045
683,3412,0.15290415,129,51900.40306703642,1989.5547041893005
684,3430,-1.0313642,212,122346.86483698944,2011.126178741455
685,3442,-1.3063617,77,37076.166346398044,2025.9532313346863
686,3443,-1.8916571,98,32622.229834163885,2027.7251904010773
687,3450,-1.6871079,201,45217.5402393503,2036.0571761131287
688,3452,-0.87815076,76,37514.41500219923,2039.0930633544922
689,3454,-1.821701,138,124114.70618508472,2042.0932140350342
690,3461,-1.5812556,221,30660.124427358267,2051.434044599533
691,3463,-2.0789871,209,50208.40216266861,2054.5332555770874
692,3466,-1.1364251,216,22933.179252868526,2058.5461988449097
693,3471,-1.2197698,202,2472.592552745203,2064.6111781597137
694,3487,-1.3792843,126,50182.81724595215,2083.1571311950684
695,3492,-0.7890896,83,132745.79692234768,2089.4518995285034
696,3498,-1.2048594,68,35561.86259761288,2096.3899760246277
697,3499,-1.413862,200,47625.55158195938,2097.9238545894623
698,3505,-1.1438951,213,54161.03478831657,2105.4548156261444
699,3525,-1.4190497,224,28665.899990682556,2131.1789150238037
700,3532,-1.7462575,225,36988.63803529378,2139.621091604233
701,3533,-2.0977845,201,42506.72118424912,2141.0115258693695
702,3550,-0.8679753,14,25830.44433311953,2162.4851405620575
703,3551,-2.1133742,201,51264.96517172415,2164.229099035263
704,3556,-0.848961,11,44018.01150905221,2171.114433288574
705,3565,-1.3613576,207,123781.15851635722,2181.7653408050537
706,3570,-2.002111,216,8169.242948712737,2187.798926115036
707,3593,-1.5697452,88,76.5477683119862,2216.7212674617767
708,3594,-0.87734777,37,33960.45736040566,2218.3492884635925
709,3599,-2.1146476,201,48436.5849296987,2224.276885509491
710,3603,-2.0247755,201,35713.118845266436,2230.033124923706
711,3604,-2.075769,201,36808.71546179617,2231.897181749344
712,3606,-1.8628236,201,38084.41874522669,2234.7450535297394
713,3608,-2.0831075,201,33778.53608662129,2238.066629886627
714,3610,-1.6811858,201,34824.86980253368,2240.805358171463
715,3612,-0.420324,133,36405.19741235725,2243.301150560379
716,3616,-2.0984967,201,33361.88908050828,2248.801436662674
717,3617,-1.975384,201,39181.048521907804,2250.6573185920715
718,3622,-1.9490668,201,31750.659813164937,2257.1972591876984
719,3628,-2.0107846,224,40052.1281378167,2265.1640000343323
720,3633,-1.9129514,201,32415.106577039533,2271.4443299770355
721,3634,-1.0631629,135,37144.11835315764,2272.792336702347
722,3637,-1.3046812,200,38191.998411816305,2276.7783164978027
723,3640,-1.1813211,225,37081.86076569578,2281.602027654648
724,3641,-1.7672106,201,35294.76108789765,2283.241168498993
725,3644,-1.9074849,207,31880.426984997284,2287.3330097198486
726,3651,-1.0711715,79,43597.20365770288,2295.986093044281
727,3675,-1.3366002,209,40556.50756704691,2327.6534991264343
728,3682,-0.84735763,104,50634.37830338575,2336.482939720154
729,3685,-0.7842789,192,25809.96807188618,2340.164668560028
730,3687,-0.8843502,212,42116.36838382904,2342.7715713977814
731,3699,-1.0306218,120,27655.54476734279,2358.0020141601562
732,3706,-2.0755894,201,39147.308518505466,2366.769316673279
733,3707,-2.100373,216,24792.663060057705,2369.0065219402313
734,3710,-1.544997,221,41649.95831272506,2372.9264726638794
735,3715,-1.5300037,159,33868.624464118126,2379.2305431365967
736,3724,-1.2386582,122,2292.050620886451,2390.8053455352783
737,3727,-1.3748962,201,7773.471023001513,2394.5240335464478
738,3729,-1.2923542,200,50434.42985882155,2397.0672059059143
739,3733,-1.036457,138,39242.74467978957,2402.5780301094055
740,3742,-0.9418508,175,4182.897636591362,2414.68230175972
741,3747,-1.1236254,201,33172.68312946612,2421.033200740814
742,3752,-1.3332862,131,40724.866760944285,2427.6317739486694
743,3773,-1.1568711,225,30471.26354707371,2454.7021124362946
744,3784,-1.8178782,201,42968.13965747108,2469.1052544116974
745,3808,-1.0371294,118,62.141108552688195,2503.1998376846313
746,3816,-1.1976589,221,29368.22401667838,2513.9931075572968
747,3822,-1.6771642,201,122994.65326595174,2521.522518157959
748,3825,-2.123015,201,38138.65807517133,2526.5133764743805
749,3828,-0.22866595,135,52407.10414887109,2530.5860044956207
750,3829,-0.96583873,186,59681.352825626076,2532.533932209015
751,3830,-1.3864443,216,42925.81367619449,2534.2433848381042
752,3847,-2.046954,196,38922.78526123324,2556.8667421340942
753,3857,-1.5774598,201,40891.1115764592,2570.7888803482056
754,3868,-1.0227647,195,111309.96551538333,2585.2224423885345
755,3871,-2.0471416,224,37256.9378509508,2589.417056083679
756,3878,-1.0931818,198,30610.388338389985,2598.9731211662292
757,3879,-2.1019492,207,35418.13619094855,2600.5518238544464
758,3882,-1.3611398,225,29208.25783786553,2604.8172464370728
759,3884,-1.1562375,129,38742.25709492819,2607.693071126938
760,3887,-1.8768127,201,31634.237140143665,2611.8774275779724
761,3904,-0.18101007,193,19929.408856946746,2635.125147342682
762,3906,-0.98460025,120,105707.41790957669,2638.1676416397095
763,3923,-2.0862234,209,10485.750257324278,2660.7061688899994
764,3926,-1.7430981,138,100837.96430098754,2664.780737876892
765,3927,-1.1382027,97,47969.61510764599,2666.43328332901
766,3937,-0.91304153,98,27212.15183860449,2680.481924057007
767,3941,-1.5060042,141,108772.38873297865,2685.8427290916443
768,3942,-1.6742185,114,40235.59333599192,2687.2933161258698
769,3945,-1.4436024,134,117175.6863351553,2691.873334169388
770,3951,-1.9645054,216,29945.224448043806,2700.0420117378235
771,3953,-1.2269169,221,62247.53759925366,2703.1783425807953
772,3955,-1.7951018,201,45588.78543935806,2706.9261059761047
773,3956,-0.60952115,76,143381.25833345685,2709.2733721733093
774,3964,-1.6617403,122,54665.37325439634,2719.942462682724
775,3965,-2.1166792,202,37077.68216506844,2721.424949645996
776,3968,-1.7789186,201,39489.570719903015,2725.6773858070374
777,3988,-0.019830372,51,19879.44312445466,2751.4452619552612
778,3999,-2.1139405,225,58961.08372528668,2765.952203989029
779,4000,-0.5107974,80,67944.50362423678,2767.6573734283447
780,4011,-1.2163609,137,40932.759851386494,2783.1047468185425
781,4018,-0.81805074,9,104304.04082265259,2793.241298675537
782,4020,-2.1077063,201,98.29684017181216,2796.465547800064
783,4022,-1.9937283,201,109305.98210496071,2799.837912082672
784,4025,-1.1153793,207,3031.3298181976697,2803.8579692840576
785,4030,-0.73517203,176,96853.97923676287,2810.994547843933
786,4045,-1.4102972,91,121026.93968017082,2831.6850159168243
787,4049,-1.6831393,60,40624.858634868375,2837.509352207184
788,4054,-1.365059,221,27850.661806454744,2845.418229818344
789,4061,-2.0504706,140,30.18377114205896,2854.9547588825226
790,4063,-1.0871326,216,23144.31115698873,2858.0253970623016
791,4065,-1.6083134,201,33600.7428470147,2861.39053273201
792,4075,-1.1154478,95,8390.89843913344,2875.4331381320953
793,4090,-1.0948219,72,25240.984390902948,2896.010042667389
794,4091,-0.9583266,13,45602.0284675679,2897.897757291794
795,4093,-1.3676076,88,39056.61753213403,2900.8100209236145
796,4096,-1.8135966,201,34648.82443377045,2905.165954351425
797,4098,-2.1210504,201,38393.12394189367,2908.973160982132
798,4099,-2.121385,201,40024.42534756044,2910.8654160499573
799,4100,-2.121535,201,40534.77871251945,2912.493156194687
800,4103,-1.9689972,201,43459.34470177745,2917.1691768169403
801,4104,-2.0175726,201,40647.7636303075,2919.0531888008118
802,4106,-1.9892972,201,43166.49620816748,2922.312813282013
803,4107,-1.9940779,201,47409.107701718574,2924.038344144821
804,4108,-1.8985468,201,42331.53905280898,2925.706225633621
805,4109,-1.9822804,201,44198.20964964039,2927.637175798416
806,4111,-2.1034153,201,47398.97379497251,2930.8784725666046
807,4112,-1.9869044,201,41504.25488545088,2932.373839855194
808,4113,-1.7396588,201,41261.45705433552,2934.061991453171
809,4114,-2.1174426,201,45752.18577902049,2936.0907332897186
810,4116,-1.2837393,200,42765.1682404942,2939.676831483841
811,4118,-1.7263378,201,42009.41687794165,2942.4650790691376
812,4119,-1.2623562,207,40502.35912027711,2944.3412075042725
813,4120,-2.0766466,201,50330.944723343295,2946.233163356781
814,4121,-1.5897002,201,48479.521551469494,2947.9782412052155
815,4125,-2.122996,201,42088.25739297843,2953.4687337875366
816,4127,-1.2731063,224,45939.08848465165,2956.186373233795
817,4130,-1.3635422,201,43447.79175165485,2960.6572210788727
818,4131,-1.7785882,201,49052.21861640618,2962.544976711273
819,4133,-1.9872098,201,51734.67999152404,2966.7251513004303
820,4135,-1.1965516,201,46065.47809195994,2970.020915031433
821,4141,-2.02162,225,44455.680290672535,2978.1252183914185
822,4151,-0.59415597,135,46749.19400821344,2992.861294031143
823,4154,-1.1193037,201,51168.741863006195,2997.156947851181
824,4174,-0.8791963,212,46103.11742926659,3024.733284473419
825,4175,-1.0653036,201,39360.69380103663,3026.6511600017548
826,4181,-1.177045,221,38773.56049416051,3036.026528120041
827,4184,-0.64510953,193,53284.72165066463,3040.0464618206024
828,4190,-1.8518267,201,43394.4932356411,3048.2851843833923
829,4193,-0.47577235,77,42149.062436437416,3052.308773756027
830,4207,-1.8315674,98,37679.88893004718,3072.196715116501
831,4214,-1.17177,216,43602.470620874155,3082.7398948669434
832,4221,-0.82448214,87,48960.699837989974,3092.218482732773
833,4223,-2.0025866,201,36993.74886663661,3095.035994052887
834,4232,-1.929885,202,37187.78427950837,3108.5784618854523
835,4245,-0.47692552,175,36042.35484103266,3127.1508457660675
836,4253,-1.9015745,224,51973.724826912054,3137.589679479599
837,4260,-2.1007357,225,36246.003009877386,3148.5772218704224
838,4266,-1.55513,81,44217.11421974029,3156.9951004981995
839,4279,-1.5401103,207,42319.75839045568,3174.8983833789825
840,4290,-1.3268753,213,44671.3681256978,3189.533286333084
841,4301,-1.3540486,208,49855.790155694725,3205.1735594272614
842,4316,-1.2942543,221,45084.20478493385,3228.285140275955
843,4320,-2.001778,201,41163.83255415242,3234.0854308605194
844,4341,-1.1586022,216,40263.993323088354,3265.306715488434
845,4343,-1.3792574,201,50276.33182771446,3268.709332704544
846,4366,-1.1429497,200,45191.978506568725,3300.493180513382
847,4367,-1.2716974,207,50742.92362015773,3302.2904160022736
848,4368,-0.9274236,195,41574.09156094224,3304.610516309738
849,4370,-1.084233,130,38636.899520012375,3307.2611298561096
850,4379,-1.6752342,201,43984.24093993555,3319.7617297172546
851,4382,-2.0110974,201,46154.65604274183,3323.9812302589417
852,4385,-1.8752178,225,33648.53479914981,3329.4671025276184
853,4399,-1.9345574,201,142103.96042273377,3349.13338470459
854,4406,0.09571982,134,46113.80449593873,3359.890212059021
855,4410,-0.23799843,85,4434.587480832824,3365.3346395492554
856,4430,-0.21965724,120,3209.6258459467854,3393.343640565872
857,4431,-0.9867804,212,37715.73237183126,3395.920732498169
858,4432,-1.287412,221,42884.858372226525,3397.7052912712097
859,4434,-1.0649877,209,48981.64432690332,3400.954355955124
860,4442,-1.1238607,216,46878.463552998976,3412.909238576889
861,4443,-1.8797592,201,32633.52765033392,3414.690695285797
862,4459,-1.0836837,207,59715.11497306056,3438.4533021450043
863,4463,-0.7599168,83,44083.54810972457,3445.1427092552185
864,4467,-1.2586346,201,36283.124292242166,3450.7350351810455
865,4473,-2.0770032,201,10244.560770795768,3459.034107685089
866,4478,-2.0860078,202,32568.002506429297,3465.5944685935974
867,4482,-0.54512674,175,37197.93180036551,3472.305257320404
868,4483,-2.1224396,200,132370.49469169357,3474.2534742355347
869,4486,-1.2105817,200,141461.8488647899,3478.929146051407
870,4491,-1.5853181,225,136562.65988349606,3485.9705584049225
871,4492,-1.0598477,200,138941.0383330429,3487.8493025302887
872,4495,-1.9305463,200,134310.59502597104,3492.9613428115845
873,4497,-1.1743119,224,139396.18617398926,3496.334566116333
874,4502,-1.3798822,200,125620.77745679658,3503.6064002513885
875,4507,-0.015575644,126,133042.8866040206,3510.6486167907715
876,4511,-1.6696475,208,133664.70005817025,3517.181287050247
877,4513,-2.1039786,207,143838.01271873777,3520.238908290863
878,4517,-2.0036318,200,139471.04612911466,3526.176043510437
879,4518,-1.3657211,200,142898.65473561067,3527.8859951496124
880,4519,-1.001976,80,133528.98930015397,3529.4584667682648
881,4528,-1.2101378,213,132276.66026953803,3542.38538813591
882,4532,-0.8339439,119,135006.171429283,3548.0656049251556
883,4533,-0.19899377,194,118431.7615737614,3549.5702452659607
884,4534,-2.0295756,200,119146.41952135839,3551.381083726883
885,4536,-1.3929949,200,129516.48498263404,3554.6111965179443
886,4544,-0.10632604,86,142914.59636098528,3566.9337623119354
887,4587,-2.100946,216,140733.57100946218,3629.7429015636444
888,4604,-1.0907091,225,145497.4315075368,3654.2336010932922
889,4608,-2.0943239,200,140.05938927234158,3661.1905450820923
890,4609,-0.90001667,164,141722.3684184465,3663.1616430282593
891,4614,-1.4128361,196,3086.2599155559565,3670.7550547122955
892,4617,-1.207106,195,138696.29071095257,3675.138199567795
893,4623,-1.8518403,207,145584.8202261023,3685.0185792446136
894,4626,-2.1040623,201,38715.47906657436,3689.645257472992
895,4628,-2.0783434,201,37994.079179324086,3693.3102476596832
896,4629,-2.1050494,201,145754.48026537147,3695.126237154007
897,4630,-2.058079,201,41560.13272803071,3696.6827816963196
898,4634,-1.997231,201,34770.85896104544,3702.5423634052277
899,4635,-1.9980421,201,145784.23093180824,3704.3490693569183
900,4662,-2.0907905,201,46571.54166475603,3744.250524044037
901,4671,-1.8658873,216,2587.4126301378424,3757.0787868499756
902,4673,-2.0130026,221,33239.044143898085,3760.022840499878
903,4679,-1.7104827,209,47098.97982848788,3769.0411789417267
904,4680,-2.0964825,200,35904.99209780322,3770.710926294327
905,4692,-2.112426,201,43825.24490972055,3788.8171088695526
906,4693,-1.2949494,212,39680.498509223085,3790.9602315425873
907,4694,-1.4668661,138,32003.295134187432,3793.1732923984528
908,4712,-1.1823944,207,48670.98922031884,3819.655293703079
909,4715,-2.0811028,201,37183.28047625217,3825.324856042862
910,4733,-0.9608104,81,2783.844430542081,3851.746515750885
911,4739,-1.3904526,201,50359.808326404935,3860.081248521805
912,4740,-1.2944679,200,40460.43749260717,3862.149112701416
913,4745,-1.8390905,224,132207.23777671787,3870.096827983856
914,4746,-1.3717232,201,34462.0888132035,3872.1132605075836
915,4748,0.046154656,128,128935.22492146854,3875.53736948967
916,4757,-1.922695,122,31710.208649862085,3888.5015144348145
917,4759,-1.6431171,225,145.87037612527476,3892.1100339889526
918,4762,-1.7561834,126,47597.84463969242,3897.518305540085
919,4763,-1.1744461,213,39261.99741382387,3899.2114884853363
920,4766,-1.2739797,194,8421.267413789024,3903.669152021408
921,4768,-1.0098335,207,45494.08979281113,3906.6663756370544
922,4777,-1.7954334,137,127127.65502296474,3920.859259366989
923,4781,-2.1221807,202,30824.068522580397,3926.962912797928
924,4791,-1.8114134,208,28950.016252443536,3941.030645608902
925,4801,-1.9866093,202,32141.520442453453,3955.963122367859
926,4804,-2.0836236,202,30022.845413265248,3960.742083311081
927,4812,-1.7243143,207,35357.48210364395,3973.0425975322723
928,4815,-2.123022,202,12116.494360273682,3977.2146577835083
929,4817,-1.810373,202,8853.483831439147,3980.485303401947
930,4818,-2.0958483,202,10343.885282572039,3982.219200849533
931,4822,-0.9428743,113,7932.097069099909,3988.1743891239166
932,4827,-1.7777784,216,11905.973908185257,3995.9225101470947
933,4830,-2.0539312,221,7582.0434106311495,4000.3700709342957
934,4831,-1.8417112,202,7514.829311735349,4002.0132341384888
935,4845,-2.0310237,202,5173.316116737042,4021.386800765991
936,4847,-1.3566372,121,14203.548063777864,4024.3095183372498
937,4853,-1.9422243,202,1831.3585751291562,4033.2341859340668
938,4855,-1.8117573,202,12695.401418087662,4036.1070959568024
939,4857,-1.4348335,224,3708.715293338684,4038.99068236351
940,4860,-1.1222131,202,1983.3239060904025,4043.5043473243713
941,4862,-1.7714815,202,6196.6382036839095,4046.442514181137
942,4863,-1.7911777,202,2337.3348250262725,4048.413494825363
943,4866,-1.3610466,202,4927.422722987127,4053.263918161392
944,4879,-1.9499239,202,6719.907844757552,4071.4571328163147
945,4881,-2.0872645,202,2206.44338343453,4074.446721315384
946,4882,-1.2408607,225,11722.7906791698,4076.7786490917206
947,4885,-1.7968279,202,12187.565096123555,4081.270420074463
948,4891,-1.0190337,202,10326.544032172946,4089.625473022461
949,4894,-1.733678,202,17509.294997581263,4094.2961995601654
950,4897,-0.6941877,147,16381.832587452584,4098.4822697639465
951,4933,-0.832353,212,5262.971634837524,4149.26951789856
952,4937,-0.9754823,105,3039.415110993379,4154.88609790802
953,4942,-1.5925025,87,12996.658298736711,4161.786368608475
954,4952,-1.7163134,207,116467.83738418971,4176.326062679291
955,4954,-0.87399906,106,6760.910741350981,4179.34888792038
956,4971,-1.4439235,216,127047.56037399388,4203.10391664505
957,4979,-1.2569804,209,17833.37508884367,4214.766813278198
958,4980,-0.877544,100,10.19227931095486,4216.356630086899
959,4991,-1.7557509,122,13125.614343245295,4231.686471223831
960,4999,-1.8646988,224,10045.019122473936,4242.560980319977
